"","Pacific.Blue.A","PI..B..A","PI..B..A.1"
"1",0.396844289578051,1.15253143820047,2.90424095411807
"2",0.794898244555923,1.15508692569173,1.45312552091121
"3",1.23267976669774,1.04065267369582,0.844219806157484
"4",0.810100932050947,1.00056669221109,1.23511361686492
"5",0.996719075246342,1.31555438662314,1.319884829432
"6",1.11950579706412,1.18315170808837,1.05685179227402
"7",0.618528268834431,1.03638323066189,1.67556324081173
"8",0.67036365319254,1.06457445127942,1.5880551491858
"9",1.30338690603229,1.17720627446216,0.903190195492878
"10",1.26780861443509,1.03979871619405,0.820154323259086
"11",0.551535868557869,1.24062028186498,2.24939183939005
"12",0.567649026349684,1.25740043005937,2.21510188812476
"13",0.681572246828992,1.03467571238653,1.5180719537809
"14",1.28187168464305,0.957249750696387,0.746759416066629
"15",0.789199278475602,1.07312118277255,1.35975945751669
"16",1.17805032629446,1.15593862065746,0.981230253798621
"17",0.861403062220905,0.972510163989439,1.12898387136223
"18",0.878475201308106,1.15849327960713,1.31875467615029
"19",0.589322285126557,1.11072298974419,1.88474628870629
"20",0.741798474706319,1.09107011483043,1.47084437624705
"21",0.519703657314844,1.09277940737407,2.10269716595826
"22",1.24075634077735,0.98100221316574,0.790648559209563
"23",1.33187838942269,1.09705241952663,0.82368812966637
"24",0.12203891299076,1.04321475196274,8.54821406055732
"25",0.424486797719422,0.993756882777933,2.34107842250206
"26",0.726682572972816,1.22546580426173,1.68638391760026
"27",0.466235917486207,1.42356151743555,3.05330727223019
"28",0.286860849135238,0.964027920781517,3.36061168224122
"29",1.4468230206375,1.2431413495632,0.859221433327378
"30",1.01516891460291,1.21618251039048,1.19800999902189
"31",1.19484262835065,1.22968004949348,1.02915649334584
"32",0.775908360949376,1.10645154961099,1.42600802529976
"33",1.10365754954937,1.08850609992177,0.986271602424339
"34",0.722908914439102,1.21364796195182,1.67883939139619
"35",0.80439921786663,1.09876152100905,1.36594056359615
"36",1.32743411115771,1.34015377962794,1.00958214676218
"37",0.84051116863718,1.27244488802133,1.51389408671928
"38",0.772113080674127,1.12182525696601,1.45292870312021
"39",0.662909240968522,1.01931586015651,1.53764014311714
"40",0.819604727189483,0.92263445899683,1.12570661001511
"41",1.28960627311341,0.992906002376551,0.769929569262599
"42",0.556892916191626,1.06799303487916,1.91777091039827
"43",0.502261117537933,0.919269689236756,1.83026250119258
"44",1.12999285680091,1.00397332554246,0.888477585942258
"45",0.893627144644942,0.975905847759047,1.09207274376921
"46",0.592954433834252,1.09705241952663,1.85014624552633
"47",0.67222955808336,1.07141177205484,1.59381830086379
"48",0.143537130930412,1.25656298472897,8.75427129261874
"49",0.340395818489004,0.992055194349632,2.91441651296806
"50",0.874683520931479,1.20434514074529,1.37689245529942
"51",1.25515722683603,0.995458887497468,0.793094973453485
"52",0.664771437136534,0.964875681143212,1.45143973889636
"53",1.09123696370201,0.930213722193178,0.852439711203911
"54",0.659187704424642,1.13462753997144,1.72125106757229
"55",0.851909493765336,1.37903600324887,1.61875881574426
"56",0.343455951909627,0.916747692315359,2.6691856327375
"57",0.406529687681225,1.06371983483004,2.61658586583754
"58",0.853808628235213,1.13548066073705,1.32990066296711
"59",1.34216904529933,0.998863795709321,0.744216087539521
"60",0.675964027400097,1.12524013655944,1.6646449972898
"61",1.11247929163296,0.934429353624717,0.83995213272969
"62",0.635096888089037,0.982701725303921,1.54732568169371
"63",0.83861096430209,0.994607846760059,1.18601817660206
"64",0.983739397712652,1.26242158994414,1.28328863607523
"65",0.689061524464373,1.24901840477991,1.81263698586394
"66",0.689061524464373,1.23389076766986,1.79068301430557
"67",0.993015817643754,1.3717933301282,1.38144156996735
"68",0.850010175903364,1.16785467091054,1.3739302234463
"69",0.183383967147555,0.900808057568533,4.9121418386795
"70",1.21800670266789,0.942025977237425,0.773416086441918
"71",0.734236456871414,1.02016877521604,1.38942811361204
"72",0.753155138793334,1.09107011483043,1.44866583075897
"73",0.783501893203827,1.37018075248673,1.74879060838502
"74",1.31397885072697,0.892442943276857,0.679191253940734
"75",1.55160105918654,0.935272892697499,0.602779230627645
"76",0.861403062220905,1.04406884004353,1.21205610455072
"77",1.06074992277639,0.981851927717926,0.92562055074022
"78",0.794898244555923,1.16615329327827,1.46704726204264
"79",0.889841561253322,0.990353816717364,1.11295522690857
"80",1.32445990942469,1.03382201322555,0.780561197714634
"81",0.777806392158061,0.977604267798111,1.2568735326097
"82",1.26780861443509,1.21280287205617,0.956613528451665
"83",0.366693116506404,1.32788090863786,3.62123216625658
"84",0.853808628235213,1.50048616063192,1.7574033700425
"85",0.46793214490581,1.02358094765646,2.18745593522432
"86",1.12475730574195,1.16785467091054,1.03831703510488
"87",1.17973862136811,0.931056562552449,0.789205800071823
"88",1.52535845009537,1.13633372523844,0.74496176630968
"89",1.27251633787256,1.11670181961068,0.877554013552094
"90",0.709719983080714,1.00056669221109,1.40980487525219
"91",0.705957493743332,1.34178596687333,1.90066112870128
"92",1.22617975719884,1.00908529139479,0.822950538426771
"93",1.20812929644538,1.0124945413613,0.83806803157602
"94",1.12300858503344,1.16700402210354,1.03917640315171
"95",1.05894302963681,1.04663129154625,0.98837355953437
"96",0.67222955808336,1.32706079030046,1.97411847536746
"97",0.491882937000655,1.11157719608166,2.25984093463315
"98",1.40704257182911,1.31555438662314,0.934978381580138
"99",0.944522627685195,1.04236069235252,1.10358466996931
"100",0.980021749954323,1.03894479025318,1.06012421693866
"101",1.09656994448207,0.933585950234519,0.851369267352543
"102",1.09479391294225,1.08166842747867,0.988010998866167
"103",0.920071875377081,0.929371009804251,1.01010696520134
"104",0.880370526260718,1.15679024617402,1.31398111552798
"105",1.17805032629446,0.978453617966368,0.830570304279004
"106",0.571246599237965,1.2607485580469,2.2070128027523
"107",0.398453113601617,0.979303054466022,2.45776233397727
"108",0.519703657314844,0.925159575438195,1.78016752896876
"109",0.738016494938085,1.14827097472804,1.55588795454277
"110",1.32445990942469,1.30730818156146,0.987050021113377
"111",0.865198866566669,1.01675744464306,1.17517195633625
"112",0.823406320511394,1.02443411786914,1.24414167386145
"113",0.471330496890017,1.01675744464306,2.15720699456525
"114",1.10188813381589,1.03723704821898,0.941326997167114
"115",1.04625502054471,0.997161189968375,0.953076611712908
"116",0.963245426978869,1.25404960622255,1.30190039952306
"117",0.783501893203827,1.03126115295198,1.31622037151057
"118",1.22454939801935,0.960637951801293,0.78448280923177
"119",0.377708886240682,1.17975486966154,3.12345012955236
"120",0.692810950767371,1.15849327960713,1.67216363760411
"121",0.329756431940354,1.10730588955064,3.35795084582589
"122",0.24586635346918,0.969116038095834,3.94163749704498
"123",1.08410380067862,1.06628372100795,0.983562386129893
"124",1.00411256628993,1.05004828574515,1.04574757950192
"125",0.614859516806918,1.1457139462666,1.86337515310247
"126",0.622201921390224,1.08679671557307,1.74669456684539
"127",0.447709060145384,0.920951775886585,2.05703180451056
"128",0.781603166157421,1.22630893376889,1.56896617985539
"129",1.25197233405207,1.23809783004353,0.9889178829027
"130",0.794898244555923,1.34423234592828,1.69107474464136
"131",0.613027007240566,0.996310004175892,1.62523019770468
"132",0.442698766566478,1.2102668212072,2.73383824986433
"133",1.30338690603229,0.915907332179663,0.70271331401343
"134",0.544415541436713,1.1303612162579,2.07628388652329
"135",1.01700753298874,1.17890543316188,1.15919046312013
"136",1.40704257182911,1.27161060467272,0.903747072144137
"137",1.31247251815474,0.981851927717926,0.74809332320219
"138",0.728570238092869,1.04748549788372,1.43772754240642
"139",1.03532600692063,0.991204465524362,0.957383914727011
"140",0.493607994618236,0.978453617966368,1.9822483197889
"141",0.821505529225808,1.19841775579328,1.4588066825584
"142",0.806299717573661,1.13633372523844,1.40931926487328
"143",1.03167243405187,1.10816020188275,1.07413958666171
"144",0.461159128084508,1.19926485321517,2.6005445413094
"145",0.842411254746698,1.09107011483043,1.29517514003122
"146",1.24397181560257,1.255725359173,1.00944840021535
"147",0.743690163560576,1.00141824145389,1.3465530277547
"148",1.20482005579855,1.20942122526677,1.00381896819037
"149",0.507475002599491,0.973358942824761,1.91804313087113
"150",1.27720403162593,1.13974548309618,0.892375419176558
"151",1.35234860524373,0.912547453399647,0.674787144277184
"152",1.28187168464305,1.04321475196274,0.813821511513641
"153",0.516200869345523,1.02870067698084,1.99283019086176
"154",0.781603166157421,1.11243137702397,1.42326877012666
"155",0.308810252486075,1.0124945413613,3.27869471045803
"156",0.569447062438962,1.00567704942744,1.76605889425452
"157",0.747474887840017,1.00908529139479,1.34999223092397
"158",0.938890530186148,1.28077744014924,1.36413926754092
"159",0.709719983080714,1.10901449187988,1.56260851930071
"160",0.67036365319254,1.15508692569173,1.72307511033862
"161",0.446036933763045,1.09961604810676,2.46530267982454
"162",0.662909240968522,1.06030150922637,1.59946708191495
"163",0.442698766566478,0.942025977237425,2.12791642620483
"164",1.055324928902,1.20265216833355,1.13960367598331
"165",0.711602225431892,1.06201064249302,1.49242175549472
"166",1.15420790978975,0.923476010234728,0.800095028289093
"167",1.1212580709861,0.958096636432343,0.854483603038623
"168",0.700318924192818,0.925159575438195,1.32105465592626
"169",0.884160091509005,0.963180266834463,1.08937315321549
"170",1.04443687899755,0.975056779539529,0.933571764025975
"171",1.03349987561967,0.982701725303921,0.950848421452119
"172",1.01516891460291,1.03296835106847,1.01753347271525
"173",0.478150587215358,0.998863795709321,2.0890150977885
"174",1.02068118554453,1.39265302294316,1.36443489178277
"175",0.846211021031694,0.929371009804251,1.09827334637071
"176",0.981881067351707,1.30565629090925,1.32974994052062
"177",0.870890547824792,0.996310004175892,1.14401288045249
"178",1.20150250032998,1.37018075248673,1.14038943082551
"179",0.648046860865526,1.36533639428716,2.10684824931276
"180",1.43246409362335,1.17295682555606,0.818838552936519
"181",0.59113767578177,1.01931586015651,1.72432903859237
"182",0.933251960635633,1.1098687527436,1.18924877691945
"183",1.16276680623582,1.05432009323843,0.906733910517741
"184",0.627721346067021,0.98100221316574,1.56279887455189
"185",0.479860455574991,0.864968566546321,1.8025418775337
"186",1.28806381384253,1.45629684060483,1.13060923298546
"187",1.03715084390079,0.931056562552449,0.897706026107721
"188",0.585695686624524,1.26660109404638,2.1625583438151
"189",0.923840800728862,1.13633372523844,1.23001032682464
"190",0.331269593700924,0.929371009804251,2.80548238497042
"191",0.998569086166328,1.02187476238946,1.02333907242473
"192",0.719137579001885,1.06542908025384,1.4815372070148
"193",0.844311209823042,1.19078890720769,1.41036728324058
"194",0.571246599237965,1.13889262747139,1.99369699354125
"195",0.67036365319254,1.08936078111705,1.62502960285672
"196",0.259788793951935,0.961485281511999,3.70102677211662
"197",1.00041802141408,0.926001575835544,0.92561464909104
"198",0.965113110072377,0.910029186291677,0.942924903614077
"199",0.83861096430209,0.969964419495178,1.15663217008187
"200",1.02068118554453,1.12524013655944,1.10244036286328
"201",0.357337769735919,1.21787157007726,3.40818036385378
"202",0.91252688140615,1.02187476238946,1.11982976415425
"203",0.432733736476091,0.992055194349632,2.29253028069478
"204",0.649901128979867,1.07654006014923,1.65646744119224
"205",0.704077270231589,1.09363403634848,1.55328695100292
"206",0.457784535990173,1.10901449187988,2.42256870796458
"207",0.802498805035552,0.959790731834621,1.19600269285398
"208",0.927607228947074,1.03979871619405,1.12094718944173
"209",0.666634587940587,1.07141177205484,1.60719499323417
"210",0.564057521113766,0.953017034885557,1.68957419981523
"211",1.28497220873845,1.12524013655944,0.875692197004141
"212",1.067962855141,1.24398140056008,1.1648171044262
"213",0.910639216286097,1.05175693801691,1.15496556617267
"214",1.03715084390079,1.11755581393208,1.07752485620017
"215",1.39884952563315,0.990353816717364,0.707977376100627
"216",0.792998433347272,1.14656634593182,1.44586205686704
"217",0.76073425307086,1.33443329368285,1.75413856848976
"218",0.661047983884661,1.01931586015651,1.54196954684966
"219",0.961376885761168,1.1873955861315,1.23509895413325
"220",0.502261117537933,1.28493654280498,2.55830383427588
"221",0.71348512409509,1.32624041100103,1.85881998967126
"222",0.734236456871414,1.02016877521604,1.38942811361204
"223",1.41515596635882,1.03211473272673,0.729329315822582
"224",0.722908914439102,0.978453617966368,1.35349502326381
"225",1.06976239194,1.03638323066189,0.968797593250983
"226",0.486719062896864,1.07141177205484,2.20129403947729
"227",0.768318906554173,1.58004984650679,2.05650262284074
"228",0.768318906554173,1.28826029980711,1.67672601678491
"229",0.613027007240566,0.958096636432343,1.56289466062033
"230",0.368260119853198,1.32213504487032,3.59022053595532
"231",1.17297353689276,0.954709775297272,0.813922689020185
"232",0.384052227542939,1.08850609992177,2.83426581557861
"233",0.53909240348124,0.955556319294351,1.77252788784215
"234",0.802498805035552,1.25907483585795,1.56894294166851
"235",1.17297353689276,1.19502822079344,1.01880237124454
"236",0.823406320511394,0.947096192750934,1.15021729753388
"237",0.59113767578177,1.00141824145389,1.69405247285165
"238",1.24877867253138,1.28742967013082,1.030951039163
"239",0.578459531602579,1.15338333666429,1.99388768557228
"240",0.970710799601274,1.24566103422826,1.28324629203664
"241",0.582074759378745,0.953863346882613,1.6387299595342
"242",1.42850263918109,0.994607846760059,0.696259019395463
"243",1.22291693019331,1.0799589726419,0.883100843547227
"244",1.12824946224776,1.26994150039531,1.12558573514873
"245",0.745582309734024,0.960637951801293,1.28843983992054
"246",0.565852526763869,1.02955412429521,1.81947428985298
"247",0.959507470883294,1.09790697840153,1.14424015624478
"248",1.19817669375827,1.18484954480314,0.988877142224057
"249",1.33039920189289,1.0107897966011,0.75976428365482
"250",1.0876735858211,0.958943634412731,0.881646522369865
"251",0.627721346067021,0.969964419495178,1.54521496771215
"252",0.521457682985973,0.931899553859014,1.78710484908913
"253",0.878475201308106,1.02016877521604,1.161294904736
"254",0.419563887920789,0.969964419495178,2.31183962066416
"255",1.01148810831195,0.973358942824761,0.962303891490314
"256",0.730458447110384,1.25823771799206,1.72253154572928
"257",0.462849415294559,1.00141824145389,2.16359405102971
"258",0.83861096430209,1.18060421982979,1.40780918695991
"259",1.055324928902,1.01675744464306,0.963454398543326
"260",0.580266424742154,1.1967232061159,2.06236851744038
"261",0.40329256731917,0.901645502898936,2.23571068738632
"262",0.846211021031694,1.09876152100905,1.2984486064356
"263",1.51717054138821,1.07568533578845,0.709007528451088
"264",0.789199278475602,0.934429353624717,1.18402205768566
"265",0.562264045114013,1.16104729765953,2.0649502804756
"266",1.0188449647299,1.18824406813273,1.16626582970622
"267",0.955766121002541,1.04492296185824,1.09328311487143
"268",0.989308325399099,1.21111229487697,1.2242010541945
"269",1.02801371577005,1.10217951522783,1.07214475674794
"270",0.821505529225808,0.996310004175892,1.21278551236876
"271",0.84051116863718,1.04577711060393,1.24421560310682
"272",1.0733569276151,1.01590474799643,0.946474301194184
"273",0.479860455574991,0.997161189968375,2.07802326360385
"274",0.704077270231589,0.928528438134427,1.31878769190917
"275",0.705957493743332,1.14059829054092,1.61567559045645
"276",0.523213426691893,1.19418056684639,2.28239663954497
"277",0.549753364415691,0.906673752874866,1.64923729723515
"278",0.67036365319254,1.2204041839325,1.82051067076868
"279",1.0188449647299,0.958943634412731,0.941206628691488
"280",0.887948140401947,1.2068837121887,1.35918265636818
"281",0.827207827675483,0.977604267798111,1.18181215782889
"282",1.3609857155105,0.944560525676079,0.694026774058959
"283",0.558681720193755,1.02528733673867,1.83519041285814
"284",0.925724330283876,1.02272782689086,1.1047865908172
"285",0.83861096430209,0.958096636432343,1.14248045543942
"286",0.953894195703864,1.14145104298484,1.19662227543232
"287",0.313261332307055,0.900808057568533,2.87558011368467
"288",1.25356587801438,1.07739478688617,0.859464034385441
"289",0.876579526732884,1.03382201322555,1.17938188344271
"290",0.711602225431892,1.06713837279747,1.4996276496322
"291",0.571246599237965,1.09534325597581,1.91746131607082
"292",0.4901597536157,0.928528438134427,1.89433838923956
"293",1.12999285680091,1.09192476661995,0.966311211657808
"294",1.06255536443027,0.931899553859014,0.877036232703681
"295",1.14904970076327,0.937804303695406,0.816156431764842
"296",0.774010587812297,1.21280287205617,1.56690734100175
"297",0.929489471298252,0.992055194349632,1.06731192227922
"298",0.674096344306589,1.11413964758437,1.65278992683224
"299",0.436047139406965,1.05175693801691,2.41202577190927
"300",1.29422008013266,0.929371009804251,0.718093486626315
"301",0.461159128084508,0.778369172916429,1.68785377001969
"302",1.1847914705086,0.918428871683154,0.775181873388149
"303",2.54039513681927,0.954709775297272,0.375811526899955
"304",0.996719075246342,0.954709775297272,0.957852417002567
"305",0.872787188507626,1.0799589726419,1.23736803984086
"306",1.0480717785972,0.892442943276857,0.851509373214265
"307",1.16447280943562,1.2187159056242,1.04658167691771
"308",0.781603166157421,1.09790697840153,1.40468594030798
"309",1.10895568108298,0.916747692315359,0.826676582259886
"310",0.865198866566669,1.30730818156146,1.51099155590575
"311",1.03349987561967,1.04321475196274,1.00939997824117
"312",1.24557628985949,1.01761019708699,0.816979421791804
"313",0.311775343221257,1.09277940737407,3.50502190482252
"314",0.732347188315932,1.06628372100795,1.45598117671473
"315",1.07156042802928,1.08252315183945,1.01023061651346
"316",0.8310091620525,1.01761019708699,1.22454750627972
"317",0.789199278475602,1.16955571919263,1.48195234219133
"318",0.646193636735211,0.98100221316574,1.51812422375759
"319",0.93137105244043,1.34911824620212,1.44852928665443
"320",1.05351376775444,1.20180550958897,1.14075918737219
"321",1.46850619030766,1.03723704821898,0.706321195691848
"322",0.821505529225808,1.22968004949348,1.49686156178685
"323",0.57485013592694,0.991204465524362,1.72428325849842
"324",1.18310921150716,1.03296835106847,0.873096364242294
"325",0.589322285126557,0.924317719958046,1.56844182425504
"326",0.859504791190134,1.12182525696601,1.30519953869327
"327",0.629563511990932,1.18400068067294,1.88066915906333
"328",1.09834433534854,1.06713837279747,0.971588179092155
"329",0.144750468855678,1.06542908025384,7.36045339732966
"330",0.850010175903364,1.19502822079344,1.40589872294576
"331",1.26780861443509,1.29904013473377,1.02463425468409
"332",0.972574866438379,1.10730588955064,1.13853023326179
"333",0.675964027400097,1.04065267369582,1.53950895537799
"334",1.54598096637741,1.11926369737472,0.723982844366716
"335",0.78729996061363,1.18400068067294,1.5038749395467
"336",0.273935715322564,0.951324775439199,3.47280300532918
"337",0.285415654592737,1.09876152100905,3.84968905288984
"338",0.53909240348124,0.962332720133896,1.78509790514491
"339",0.794898244555923,1.34341714698386,1.69004920590103
"340",0.609365748267028,1.35642957500603,2.22596950823635
"341",1.05351376775444,1.1448614807889,1.08670765948239
"342",0.722908914439102,1.15849327960713,1.60254391178174
"343",0.50052679772456,1.07055707621555,2.13886065857492
"344",1.055324928902,0.958096636432343,0.907868856494444
"345",0.903083227025252,1.16785467091054,1.2931860939965
"346",0.946398503611595,0.933585950234519,0.986461777646328
"347",1.4165005158244,1.04236069235252,0.735870323171654
"348",0.749367893125644,0.996310004175892,1.3295338822434
"349",0.259788793951935,1.41331144973299,5.4402325374915
"350",1.25037659788978,0.940336917550639,0.752042959807161
"351",0.664771437136534,0.895786897683766,1.3475111107997
"352",1.07156042802928,0.949632979735405,0.886215051335822
"353",0.478150587215358,1.07141177205484,2.24074130765895
"354",0.819604727189483,1.19587576749401,1.45908842131109
"355",1.40975587409861,0.995458887497468,0.706121468111606
"356",0.594772575381413,1.36695226731273,2.29827723047946
"357",0.777806392158061,1.09961604810676,1.41374005047171
"358",0.530253773295989,0.974207806954964,1.83724823097328
"359",0.989308325399099,1.10388839438947,1.11581836122136
"360",1.17805032629446,1.12011758796358,0.950823205904025
"361",0.8310091620525,1.00397332554246,1.20813749280786
"362",1.09479391294225,1.00056669221109,0.913931544907912
"363",0.906862266063034,1.11499373566516,1.2295072552811
"364",0.689061524464373,1.09619784513489,1.59085626785938
"365",1.09656994448207,1.09107011483043,0.994984515416171
"366",0.413029697180129,0.838539460675267,2.03021590553952
"367",1.24557628985949,0.911707872405858,0.731956669236779
"368",0.970710799601274,1.04065267369582,1.0720522261865
"369",1.09834433534854,1.0107897966011,0.920284981740576
"370",0.950147929914593,1.00738104420552,1.06023600377266
"371",0.689061524464373,1.13206788415224,1.64291263400932
"372",0.959507470883294,1.21618251039048,1.26750707763734
"373",0.819604727189483,1.56580742114677,1.91044215486177
"374",1.10011705089773,1.04236069235252,0.947499806045112
"375",0.532018109747395,0.984401596304109,1.85031595404057
"376",0.966979896295605,0.934429353624717,0.966337932364896
"377",0.961376885761168,1.26576554435105,1.31661740894559
"378",1.27876216548982,1.10047055592377,0.860574847788247
"379",0.798698285741786,1.03040761855682,1.29010871433114
"380",0.722908914439102,0.972510163989439,1.34527344256641
"381",0.329756431940354,0.912547453399647,2.76733784396572
"382",1.24717858431303,1.255725359173,1.006852887764
"383",0.829108522328019,1.08166842747867,1.30461622133795
"384",1.21143015986797,1.03040761855682,0.850571211359899
"385",0.302907192641507,1.11413964758437,3.67815514008927
"386",0.946398503611595,1.08936078111705,1.15105928101101
"387",0.646193636735211,1.02699391126335,1.58929746887028
"388",0.764525933447486,1.05261130178503,1.37681569157305
"389",1.25515722683603,1.11499373566516,0.888329933354895
"390",0.567649026349684,0.96572354708805,1.70126874575689
"391",0.857606288221545,1.25069611640027,1.45835697986064
"392",0.705957493743332,0.991204465524362,1.40405686505077
"393",0.646193636735211,1.11584779527539,1.72680096466599
"394",0.904972997507552,1.11413964758437,1.23113026648629
"395",0.471330496890017,0.915067138064703,1.94145539934843
"396",1.2926843629954,1.12182525696601,0.867826121425748
"397",1.01148810831195,1.39743864012991,1.38156704823952
"398",0.642490379132624,1.01931586015651,1.58650758558067
"399",0.502261117537933,1.00482515096361,2.00060310439564
"400",0.357337769735919,0.954709775297272,2.67172926053359
"401",0.897410979672647,1.04919399574803,1.16913434258487
"402",0.25001959030716,1.17210667403809,4.68805933406302
"403",0.948273599171502,1.02614060347567,1.08211449140016
"404",1.2359168870598,1.12950781064706,0.913902724748846
"405",0.94264601035939,1.02358094765646,1.08585931135084
"406",0.609365748267028,1.35724061751516,2.2273004699969
"407",0.598412914706628,1.43766340734796,2.40246052853451
"408",0.893627144644942,1.14912319623311,1.28590900927667
"409",0.884160091509005,1.01590474799643,1.14900543210741
"410",0.5604721083096,1.24398140056008,2.21952418705003
"411",0.133902725161821,0.997161189968375,7.44690736326174
"412",0.516200869345523,1.1303612162579,2.18977007475996
"413",1.21307745938866,1.03382201322555,0.85223083260203
"414",0.91252688140615,0.966571505803612,1.05922524092023
"415",0.821505529225808,1.05517452242327,1.2844399518743
"416",0.996719075246342,1.1457139462666,1.1494853211106
"417",0.832909736805305,1.36129186823987,1.63438102364035
"418",0.834810236512336,0.990353816717364,1.18632208063818
"419",1.03349987561967,1.01846300453172,0.985450534206471
"420",0.946398503611595,1.02016877521604,1.07794842375905
"421",0.981881067351707,0.913387191899865,0.930242187440704
"422",1.28497220873845,0.931899553859014,0.725229345445477
"423",1.1847914705086,0.936960374534164,0.790823024858504
"424",0.335822548346674,1.00226986697044,2.98452224814811
"425",0.603883447458331,0.88076179742873,1.45849633921205
"426",1.17973862136811,1.02955412429521,0.872696803891409
"427",0.50921659757806,1.03894479025318,2.04028068840376
"428",0.981881067351707,1.16274960013043,1.18420615163358
"429",0.935132184147377,1.00482515096361,1.07452739623092
"430",0.861403062220905,0.885763599606568,1.02828006824454
"431",0.794898244555923,0.959790731834621,1.20743848462116
"432",0.549753364415691,0.949632979735405,1.72738002384893
"433",1.14041513876384,0.958943634412731,0.840872417260423
"434",1.14041513876384,1.03638323066189,0.908777159680012
"435",0.286860849135238,1.12182525696601,3.91069489038966
"436",1.23753221013618,1.12438647440235,0.90857148217469
"437",0.549753364415691,0.996310004175892,1.81228541499664
"438",1.66527235307378,0.955556319294351,0.573813837436605
"439",0.698440818303185,1.16189848345201,1.66356039481593
"440",0.963245426978869,1.16955571919263,1.21418247773139
"441",1.04443687899755,1.16360064086784,1.11409378993268
"442",1.09656994448207,1.0124945413613,0.923328736535382
"443",0.722908914439102,1.16530248525135,1.61196308687866
"444",0.659187704424642,1.12780086907109,1.71089488092843
"445",1.89075793603086,1.09192476661995,0.577506377634017
"446",0.696563444019576,1.01164214169608,1.45233309382174
"447",0.567649026349684,1.5521261233112,2.73430597299229
"448",0.311775343221257,1.11499373566516,3.57627297959186
"449",0.904972997507552,1.34586200383686,1.48718470887373
"450",1.04625502054471,1.13548066073705,1.08528096729789
"451",0.859504791190134,1.08936078111705,1.26742839863481
"452",0.808200292326466,1.00652901411004,1.24539550859685
"453",0.6057095787593,1.08252315183945,1.78719833696015
"454",0.998569086166328,0.939492582003702,0.940838841316998
"455",0.783501893203827,1.13974548309618,1.45468121134416
"456",0.855707561175139,0.908351152115984,1.06152053964388
"457",0.521457682985973,1.00738104420552,1.93185579017083
"458",0.813902364113385,1.10816020188275,1.36153948034039
"459",1.19317252061592,0.88159496294113,0.738866297797444
"460",0.980021749954323,1.16189848345201,1.18558438474061
"461",0.910639216286097,0.962332720133896,1.05676617361003
"462",1.20978076266909,0.938648377105736,0.775883041018797
"463",1.02801371577005,1.12438647440235,1.09374656889681
"464",1.06976239194,0.964027920781517,0.901160788643225
"465",0.844311209823042,0.904997007126386,1.07187610042044
"466",0.462849415294559,1.00738104420552,2.17647686465028
"467",1.11599602768707,1.05175693801691,0.942437886805658
"468",1.38918986407181,0.893278670549882,0.643021298709756
"469",0.271088303709893,0.865798007806746,3.19378592125939
"470",0.821505529225808,1.05261130178503,1.28131980167805
"471",0.794898244555923,0.936960374534164,1.17871737791748
"472",0.677832568617798,1.08679671557307,1.6033409515704
"473",0.344989374246306,1.2085755078925,3.50322531101967
"474",1.15592352581157,1.21533778792729,1.05139982082639
"475",1.25991805097961,1.06030150922637,0.841563868699217
"476",0.649901128979867,0.962332720133896,1.48073711095785
"477",0.808200292326466,1.1873955861315,1.46918480159602
"478",0.594772575381413,0.992055194349632,1.6679571913911
"479",0.916300539939864,1.00141824145389,1.09289277677345
"480",0.906862266063034,1.11413964758437,1.22856544954857
"481",0.514452148637017,1.0799589726419,2.09924086332058
"482",0.983739397712652,1.05346568560319,1.07087882019635
"483",1.16276680623582,0.997161189968375,0.857576243680744
"484",0.524970931215383,0.904997007126386,1.72389927387253
"485",0.8310091620525,1.14145104298484,1.37357215191898
"486",0.651756416248991,0.947941666420703,1.45444163308177
"487",0.75694396087052,1.02614060347567,1.3556361587132
"488",0.821505529225808,1.0124945413613,1.23248658145428
"489",0.624040539776058,1.13718674473641,1.82229626483001
"490",0.850010175903364,1.01419953130755,1.19316163507065
"491",1.21800670266789,0.977604267798111,0.802626344877078
"492",0.75694396087052,0.93611656661368,1.23670524504496
"493",0.722908914439102,1.32049125690669,1.82663573588832
"494",0.201493744809387,1.10645154961099,5.49124515333067
"495",0.813902364113385,0.977604267798111,1.20113211473842
"496",1.35090118915324,1.31966902695264,0.976880498402562
"497",0.144750468855678,0.954709775297272,6.59555566793469
"498",1.07873734606937,0.895786897683766,0.830403156938783
"499",0.83861096430209,1.12267903382584,1.33873641249153
"500",1.08945608996327,1.13633372523844,1.0430284760506
"501",0.202803385645479,1.19163698182429,5.87582390713829
"502",0.29120993240033,1.08166842747867,3.71439400628578
"503",0.675964027400097,0.893278670549882,1.32148847326332
"504",0.0484822151072732,0.894950642681503,18.459359596118
"505",1.19484262835065,1.28992098202897,1.07957395511538
"506",0.431080157933583,1.04919399574803,2.43387216145002
"507",0.653612738266602,1.0628652316521,1.62613910259895
"508",1.05170116904377,1.18824406813273,1.12983050994714
"509",0.662909240968522,1.16274960013043,1.75401024494943
"510",0.827207827675483,0.972510163989439,1.17565396681783
"511",0.963245426978869,1.16785467091054,1.21241652251951
"512",1.43246409362335,1.19841775579328,0.836612771746301
"513",0.817703925153157,1.13889262747139,1.39279339677632
"514",1.11950579706412,1.0799589726419,0.964674747977246
"515",0.648046860865526,1.02187476238946,1.57685319395676
"516",0.758838928118247,1.04150666801722,1.37250031518537
"517",0.904972997507552,0.943715549459483,1.04281072701466
"518",1.15934899880397,1.07568533578845,0.927835653369405
"519",0.910639216286097,1.17890543316188,1.29459110927582
"520",1.04988716925241,1.10217951522783,1.0498075864787
"521",0.874683520931479,1.09961604810676,1.25715875718767
"522",0.794898244555923,1.14400895632036,1.43918918447161
"523",0.400064084032969,1.02870067698084,2.57133973790077
"524",1.038974349489,1.21280287205617,1.16730780952645
"525",0.491882937000655,1.03552945380206,2.10523556705664
"526",1.0876735858211,1.15934469191858,1.06589394744139
"527",1.09301624967991,1.18060421982979,1.0801341884675
"528",0.812001626703483,1.15849327960713,1.42671300340901
"529",0.874683520931479,1.06542908025384,1.21807380013199
"530",0.736126227353713,0.936960374534164,1.27282569173282
"531",0.965113110072377,0.923476010234728,0.956857803087427
"532",0.886054315585632,0.974207806954964,1.09948994076178
"533",0.679701983495672,0.920951775886585,1.35493465996697
"534",1.08231653818734,0.989503254754162,0.914245712637246
"535",0.774010587812297,1.05773793170413,1.36656778131908
"536",0.497063703780736,0.998012456087917,2.00781599721906
"537",0.507475002599491,1.10217951522783,2.17188927451012
"538",0.677832568617798,0.945405615571733,1.39474799433075
"539",0.741798474706319,1.16360064086784,1.56862096720881
"540",0.498794315615126,0.915067138064703,1.83455807217093
"541",0.775908360949376,1.07824951498601,1.38966090488662
"542",0.705957493743332,1.13633372523844,1.60963476598718
"543",1.21964556645818,0.958943634412731,0.7862477926251
"544",0.29412066009342,1.0107897966011,3.4366501023085
"545",0.462849415294559,0.931899553859014,2.01339684801362
"546",0.495334919292026,0.969116038095834,1.95648641020701
"547",0.996719075246342,1.05517452242327,1.05864786641359
"548",0.5355519048296,1.14230373963147,2.13294683359388
"549",1.00780262045118,1.23557402863107,1.22600795389668
"550",0.978161470494305,1.17805589915397,1.20435729139756
"551",1.12475730574195,0.955556319294351,0.849566670441865
"552",0.886054315585632,1.15679024617402,1.30555229609084
"553",0.777806392158061,1.08081370074173,1.38956649320272
"554",0.961376885761168,1.17210667403809,1.21919581321126
"555",1.27094933452577,1.09363403634848,0.860485942782726
"556",0.884160091509005,1.26910666933763,1.43538108259516
"557",0.739907247945536,1.05773793170413,1.42955476465611
"558",0.674096344306589,1.03979871619405,1.54250757325148
"559",1.09656994448207,1.01931586015651,0.929549332703944
"560",0.825307090265581,1.11157719608166,1.34686495389729
"561",0.929489471298252,0.958943634412731,1.03168853873443
"562",0.963245426978869,1.05773793170413,1.09809805692162
"563",1.13868265665441,1.03211473272673,0.906411217115759
"564",0.521457682985973,1.04321475196274,2.0005741328598
"565",0.256986382597864,0.944560525676079,3.67552753623581
"566",0.80439921786663,1.09107011483043,1.35637888575288
"567",1.05713469500022,1.14400895632036,1.08217898980235
"568",0.724795463465616,1.15764179541681,1.59719790447023
"569",0.711602225431892,0.895786897683766,1.25883093906865
"570",0.622201921390224,1.05944696661886,1.70273817903305
"571",0.976300213410444,0.958096636432343,0.981354529346551
"572",0.624040539776058,1.12438647440235,1.80178434369961
"573",1.04261739072409,1.34096998722791,1.28615731826286
"574",0.980021749954323,1.10303396520464,1.12551988285571
"575",0.918186503052552,1.09534325597581,1.19294201377856
"576",0.491882937000655,0.887432337914323,1.80415353158132
"577",0.276792153404635,1.30565629090925,4.71710008701204
"578",1.44811546828739,1.18994072950027,0.821716745355644
"579",0.753155138793334,1.14827097472804,1.52461414067723
"580",0.86330109342959,1.05175693801691,1.21829677504363
"581",1.038974349489,0.927686008023292,0.89288634361335
"582",0.540865119030425,1.01846300453172,1.88302585745861
"583",0.461159128084508,1.07824951498601,2.3381289652981
"584",1.2310580003538,1.10047055592377,0.893922589843458
"585",1.24397181560257,1.08508730485536,0.872276438457529
"586",1.08410380067862,1.02443411786914,0.944959437673651
"587",0.644341481364066,0.957249750696387,1.48562490291623
"588",0.614859516806918,1.20180550958897,1.95460178583585
"589",0.452737715806194,0.869117758066796,1.91969373817057
"590",1.25037659788978,0.936960374534164,0.749342538972212
"591",1.05170116904377,0.923476010234728,0.878078333862055
"592",0.711602225431892,1.15082744342239,1.61723418265579
"593",0.6057095787593,1.00482515096361,1.65892233869215
"594",1.23429940469818,1.05090259807726,0.851416272321901
"595",0.366693116506404,1.09107011483043,2.97543113223773
"596",1.20150250032998,1.0799589726419,0.898840387219586
"597",0.827207827675483,1.23977961594475,1.49875227780257
"598",0.505735240217735,1.50273816806242,2.97139303050237
"599",1.14732651737831,1.11584779527539,0.972563414489143
"600",0.76073425307086,0.969964419495178,1.27503713100826
"601",0.355786388062734,0.975905847759047,2.74295442575215
"602",0.758838928118247,1.14912319623311,1.51431766828658
"603",0.413029697180129,0.999715208020774,2.42044389264528
"604",0.918186503052552,0.918428871683154,1.00026396448847
"605",0.9948679730149,1.07141177205484,1.07693865026932
"606",0.631406833927781,1.20942122526677,1.91543892191243
"607",1.13173445177947,1.1814534768407,1.04393170587239
"608",0.91441399091335,0.938648377105736,1.02650264150943
"609",0.323726534210886,1.16870523287374,3.6101620020817
"610",0.918186503052552,1.07910424381395,1.17525605116871
"611",1.28806381384253,1.23304891218971,0.957288683168032
"612",0.758838928118247,1.13974548309618,1.50195969245081
"613",0.722908914439102,1.2204041839325,1.68818527418409
"614",0.768318906554173,1.0124945413613,1.31780505819157
"615",0.874683520931479,0.926001575835544,1.05867042613243
"616",0.774010587812297,1.28742967013082,1.6633230738738
"617",0.918186503052552,1.07568533578845,1.17153250697139
"618",0.398453113601617,1.25404960622255,3.14729528623129
"619",0.882265493508446,0.944560525676079,1.07060803423231
"620",0.870890547824792,1.14145104298484,1.31067106634218
"621",1.18142491838879,1.29986789095592,1.10025433755761
"622",1.0733569276151,0.96572354708805,0.899722657246738
"623",0.493607994618236,1.02614060347567,2.07885734158195
"624",0.614859516806918,1.2741129011922,2.07220164340777
"625",0.50921659757806,1.0628652316521,2.08725567215857
"626",1.13694833684103,1.05602897240007,0.928827580094105
"627",0.305854187766145,1.03723704821898,3.39127953681004
"628",1.1847914705086,1.20942122526677,1.02078826137024
"629",0.901192959440881,0.966571505803612,1.07254666792259
"630",1.20647571790287,1.06628372100795,0.88380039911735
"631",0.382463099817456,1.09619784513489,2.86615322016185
"632",1.12824946224776,0.947096192750934,0.83943863874225
"633",0.335822548346674,1.1286543633327,3.36086534060712
"634",0.685315258675102,1.16615329327827,1.70163042266527
"635",0.753155138793334,1.06201064249302,1.41008218332615
"636",0.502261117537933,1.23977961594475,2.46839656237398
"637",0.925724330283876,1.25069611640027,1.35104595988823
"638",0.832909736805305,0.979303054466022,1.17576132345651
"639",0.768318906554173,1.15593862065746,1.5045036778305
"640",0.955766121002541,1.12524013655944,1.17731745437799
"641",0.622201921390224,1.1499753547389,1.84823497839646
"642",0.594772575381413,0.983551617107628,1.65366000017217
"643",1.11599602768707,1.11584779527539,0.999867174785566
"644",1.06435931845203,1.01164214169608,0.950470507617093
"645",0.961376885761168,0.920951775886585,0.957950819836305
"646",0.93137105244043,1.30978438725048,1.40629707549801
"647",1.62262644519844,1.04406884004353,0.643443747100924
"648",0.620364489649062,1.36856706294022,2.20606931211425
"649",1.09479391294225,1.04748549788372,0.95678783513566
"650",0.893627144644942,1.26158516069945,1.4117578771633
"651",1.23753221013618,1.17125644359693,0.946445218963669
"652",0.406529687681225,1.05346568560319,2.59136224862685
"653",0.91252688140615,0.985251662071838,1.07969604199892
"654",0.734236456871414,0.974207806954964,1.32683115614562
"655",0.730458447110384,1.0799589726419,1.47846736103073
"656",0.614859516806918,1.09107011483043,1.7745030938068
"657",1.00411256628993,0.997161189968375,0.993077094585881
"658",1.05894302963681,1.13206788415224,1.06905456900784
"659",0.859504791190134,1.07312118277255,1.24853426504653
"660",1.03349987561967,1.2431413495632,1.20284615304655
"661",1.47601406641047,1.21111229487697,0.820528965433425
"662",1.06976239194,1.07568533578845,1.00553669103819
"663",1.03349987561967,0.954709775297272,0.923763802801473
"664",0.781603166157421,0.929371009804251,1.18905737597418
"665",1.31548292016808,0.998863795709321,0.759313390083161
"666",0.868993606893976,0.931056562552449,1.07141934666275
"667",0.679701983495672,1.11840977143385,1.64544138253346
"668",0.483285928567398,1.07483061434649,2.22400560581726
"669",0.696563444019576,1.01419953130755,1.45600453198495
"670",1.1107183414634,0.915907332179663,0.824608091888474
"671",1.09656994448207,1.08252315183945,0.987190244714164
"672",0.76642226587134,1.20434514074529,1.57138589831557
"673",1.01332909380406,1.15508692569173,1.13989318253512
"674",0.636943598054891,1.10474280202471,1.73444368606325
"675",1.47101712033801,1.13718674473641,0.773061529341759
"676",1.16105886716361,0.937804303695406,0.807714690630977
"677",0.944522627685195,1.08423259144947,1.14791595211083
"678",0.704077270231589,1.04406884004353,1.48288956935098
"679",0.67222955808336,1.013347006839,1.50744190679182
"680",0.751261313977019,0.939492582003702,1.25055365493296
"681",0.542639509896896,1.02102174289149,1.8815838586569
"682",0.844311209823042,0.958096636432343,1.13476716320413
"683",1.51007595687846,1.1098687527436,0.734975447882673
"684",0.696563444019576,1.01675744464306,1.45967672201656
"685",0.957637207549974,0.920110657584374,0.960813396065084
"686",1.18142491838879,1.00312156193617,0.849077708047846
"687",0.893627144644942,1.2068837121887,1.35054504490038
"688",0.532018109747395,1.17720627446216,2.2127184261098
"689",0.281093730140097,1.05602897240007,3.75685708775415
"690",0.878475201308106,1.05859243952115,1.20503394739526
"691",0.432733736476091,1.20434514074529,2.78310896338407
"692",1.03715084390079,1.13377436975876,1.09316246178286
"693",0.823406320511394,1.42434772786848,1.72982365132182
"694",0.635096888089037,1.10303396520464,1.73679636271497
"695",0.734236456871414,1.04236069235252,1.4196525963775
"696",0.880370526260718,1.12011758796358,1.27232517962767
"697",0.812001626703483,1.11840977143385,1.37734917597925
"698",0.955766121002541,0.91422708706782,0.956538495117248
"699",1.10011705089773,1.20180550958897,1.09243421743919
"700",0.694686826693771,1.42434772786848,2.05034509528184
"701",0.602058610478174,1.14230373963147,1.89732979439363
"702",0.387237120326892,1.12524013655944,2.90581681737936
"703",0.38087612676977,1.29572696564814,3.40196424658398
"704",1.03532600692063,1.10645154961099,1.06869869221377
"705",0.629563511990932,1.04577711060393,1.66111455109075
"706",0.815803133867572,1.15679024617402,1.41797720326213
"707",0.451059468788496,1.03809089966432,2.30145018893526
"708",0.166939960587588,0.992906002376551,5.94768322025334
"709",1.31397885072697,0.997161189968375,0.758886788335051
"710",0.717252809198063,1.07739478688617,1.50211302496085
"711",0.99116259351344,0.98015258847393,0.988891827525006
"712",0.861403062220905,1.04663129154625,1.21503084612653
"713",0.772113080674127,0.959790731834621,1.24307016142847
"714",0.998569086166328,1.00312156193617,1.00455899930502
"715",0.406529687681225,1.13633372523844,2.79520477758929
"716",0.794898244555923,1.32541981788878,1.66740815817153
"717",0.474736644943349,0.929371009804251,1.95765593346002
"718",0.753155138793334,1.04577711060393,1.38852814876815
"719",0.59113767578177,1.03296835106847,1.74742431989702
"720",0.661047983884661,1.11499373566516,1.68670620415916
"721",1.41784282938107,1.07397589617843,0.757471754924524
"722",0.955766121002541,1.30978438725048,1.37040261050119
"723",0.736126227353713,1.24398140056008,1.68990229438238
"724",0.717252809198063,1.24062028186498,1.72968340584413
"725",0.0453246476219082,1.09961604810676,24.2608846577164
"726",0.872787188507626,0.953017034885557,1.09192372142299
"727",1.17127730947316,1.13889262747139,0.972350969544242
"728",0.571246599237965,1.07568533578845,1.88304899709408
"729",0.745582309734024,1.1457139462666,1.53666997098592
"730",1.11775177139299,1.26576554435105,1.13242096925831
"731",1.08588948631705,1.14059829054092,1.05038155808048
"732",1.30642448276196,0.963180266834463,0.7372644033723
"733",0.806299717573661,1.1499753547389,1.42623807211472
"734",0.679701983495672,0.998863795709321,1.46956139596977
"735",1.50530672921715,1.42198810482353,0.944650068470137
"736",0.517951383392861,1.02016877521604,1.96962264785043
"737",1.1524903914821,0.985251662071838,0.854889263592736
"738",0.491882937000655,1.13548066073705,2.30843677493845
"739",0.540865119030425,1.17465687052027,2.17181110260172
"740",0.772113080674127,1.16104729765953,1.50372701450133
"741",0.687187983857565,0.956402978038936,1.39176324456391
"742",0.67222955808336,0.98780236458792,1.46944202722104
"743",1.12824946224776,1.15082744342239,1.02001151512153
"744",0.357337769735919,1.14315637366047,3.19909192500219
"745",0.532018109747395,1.06457445127942,2.00101167944243
"746",0.968845801186425,1.2523731897326,1.29264449327124
"747",1.33924018760384,0.917588205762926,0.685155817646623
"748",0.493607994618236,1.20603764748636,2.44331060403333
"749",1.10719134463157,1.13462753997144,1.02477999441822
"750",1.00964594238803,1.21533778792729,1.20372670943712
"751",1.55383611854582,1.01419953130755,0.652706884080349
"752",0.89930220643343,1.39025616250006,1.54592766764547
"753",0.808200292326466,0.926001575835544,1.1457575363775
"754",0.738016494938085,0.919269689236756,1.24559504501844
"755",1.30338690603229,1.15253143820047,0.884258874219434
"756",0.874683520931479,1.08679671557307,1.24250279051296
"757",1.10895568108298,1.18654700435727,1.06996792080863
"758",0.335822548346674,1.05346568560319,3.13697126887289
"759",0.514452148637017,1.2431413495632,2.41643727770749
"760",0.594772575381413,0.960637951801293,1.6151349130132
"761",0.974438017242432,1.10388839438947,1.13284618914333
"762",0.946398503611595,1.07312118277255,1.1338999149696
"763",0.855707561175139,0.98610181358981,1.15238179295226
"764",0.870890547824792,1.013347006839,1.1635756173609
"765",0.702197736310475,0.947096192750934,1.34875996286633
"766",0.587508285335197,0.951324775439199,1.61925337767182
"767",0.800598490076876,1.36210132536605,1.70135385246012
"768",1.41110919332126,1.34830456019882,0.955492719188777
"769",0.953894195703864,1.15338333666429,1.20913130812503
"770",0.798698285741786,1.17295682555606,1.46858563051339
"771",1.50530672921715,0.925159575438195,0.614598711001137
"772",0.583884525476962,0.911707872405858,1.56145236365205
"773",0.910639216286097,1.28410512164993,1.41011401517162
"774",0.551535868557869,1.07824951498601,1.95499436474615
"775",0.528491112915567,0.970812901496399,1.83695217908328
"776",0.432733736476091,1.05004828574515,2.42654592705455
"777",0.715368653650104,1.18484954480314,1.65627825423655
"778",0.94264601035939,0.938648377105736,0.995759136293241
"779",0.602058610478174,1.00738104420552,1.67322753411902
"780",0.823406320511394,0.981851927717926,1.19242699899137
"781",0.687187983857565,0.866627629654936,1.26112162903384
"782",0.978161470494305,1.23136476731745,1.25885633861165
"783",0.747474887840017,1.18484954480314,1.58513625551624
"784",0.775908360949376,1.00226986697044,1.2917374234041
"785",0.451059468788496,0.963180266834463,2.13537312368472
"786",0.99116259351344,1.13548066073705,1.14560483634883
"787",0.5355519048296,1.18060421982979,2.2044627405544
"788",1.12999285680091,0.91422708706782,0.809055633905568
"789",0.813902364113385,1.22715192507545,1.50773849442278
"790",1.08945608996327,1.00056669221109,0.918409380083249
"791",1.4218566502741,1.28160963960312,0.901363466813658
"792",0.679701983495672,0.928528438134427,1.36608169562645
"793",0.897410979672647,1.20265216833355,1.34013533996681
"794",0.711602225431892,1.14827097472804,1.61364162967748
"795",0.730458447110384,1.00908529139479,1.38144105990782
"796",1.10365754954937,0.996310004175892,0.902734733779237
"797",0.774010587812297,0.993756882777933,1.28390605816742
"798",0.183383967147555,1.32295660128104,7.21413448437703
"799",0.679701983495672,1.17805589915397,1.73319473498561
"800",0.901192959440881,1.20265216833355,1.33451127833899
"801",0.736126227353713,0.992906002376551,1.34882573868605
"802",1.39884952563315,1.1303612162579,0.80806491015985
"803",0.532018109747395,0.841830725685413,1.58233471805146
"804",0.681572246828992,1.08252315183945,1.58827352034341
"805",1.13347421416123,1.16700402210354,1.02958144748544
"806",0.357337769735919,1.10645154961099,3.09637447625165
"807",0.556892916191626,1.13548066073705,2.03895691204362
"808",0.753155138793334,0.996310004175892,1.32284831219784
"809",1.26623494791433,1.08423259144947,0.856264939800755
"810",0.800598490076876,1.16189848345201,1.45128737794702
"811",0.540865119030425,0.928528438134427,1.71674675527041
"812",0.401677244242781,0.992906002376551,2.47190005559892
"813",0.526730162746008,1.13292115088923,2.15085679730767
"814",0.721022951326414,0.937804303695406,1.30065804697367
"815",0.764525933447486,1.1967232061159,1.56531407733876
"816",1.11247929163296,1.20772966992101,1.0856199113138
"817",1.13347421416123,0.970812901496399,0.856493151204854
"818",0.651756416248991,0.982701725303921,1.50777453171784
"819",1.21472265665954,1.013347006839,0.834220882671013
"820",0.576654089948692,1.06799303487916,1.85205143515793
"821",1.10542528937596,1.405390484534,1.27135727582945
"822",0.728570238092869,0.970812901496399,1.33249047344788
"823",0.865198866566669,1.03809089966432,1.19982924132083
"824",0.993015817643754,0.940336917550639,0.946950593175733
"825",1.16447280943562,1.07654006014923,0.924487073829567
"826",1.01516891460291,1.16104729765953,1.1436986307975
"827",0.427779294510994,1.08252315183945,2.53056462930707
"828",1.00226585632407,0.942025977237425,0.939896307245677
"829",0.989308325399099,0.912547453399647,0.922409556223551
"830",0.562264045114013,0.915067138064703,1.62746870623597
"831",0.792998433347272,1.23052247960461,1.55173380912058
"832",1.20150250032998,1.2632578449464,1.0513984320461
"833",1.24717858431303,1.2102668212072,0.970403786939491
"834",1.17297353689276,0.91086844975706,0.776546461713004
"835",0.567649026349684,1.30317684081226,2.29574399024773
"836",0.580266424742154,1.12182525696601,1.93329341339111
"837",0.91252688140615,1.11755581393208,1.22468262218204
"838",0.789199278475602,1.03979871619405,1.31753632390859
"839",0.657328387027259,1.02699391126335,1.56237571894299
"840",0.777806392158061,1.00482515096361,1.29187052342894
"841",0.775908360949376,1.2085755078925,1.55762660736601
"842",0.43770695404899,0.924317719958046,2.11172729015997
"843",1.21143015986797,1.00056669221109,0.825938403514849
"844",0.781603166157421,1.24566103422826,1.59372567584683
"845",0.779704663188832,1.29572696564814,1.66181764304049
"846",1.19317252061592,1.23389076766986,1.03412603487794
"847",0.497063703780736,1.07226647448611,2.15720131309186
"848",0.952021470521401,1.26492981707802,1.32867782528607
"849",0.685315258675102,1.02528733673867,1.49608129070529
"850",0.607537020327098,1.00738104420552,1.6581393569451
"851",0.802498805035552,1.05859243952115,1.31912026893828
"852",0.792998433347272,1.07568533578845,1.35647851313898
"853",1.18982620598163,1.16019603153999,0.975097056786372
"854",0.739907247945536,1.00482515096361,1.35804204345026
"855",0.657328387027259,1.33606895729721,2.03257456039519
"856",0.785400826143753,1.24817930133623,1.58922585740669
"857",0.963245426978869,1.07654006014923,1.11761761851878
"858",0.929489471298252,1.06713837279747,1.14809086681419
"859",1.15763723269815,1.1814534768407,1.02057314974834
"860",1.16787895748895,1.13633372523844,0.972989296494964
"861",1.03349987561967,0.929371009804251,0.899246368314286
"862",0.724795463465616,1.07739478688617,1.48648114012
"863",0.75694396087052,0.901645502898936,1.1911654620535
"864",0.602058610478174,0.978453617966368,1.6251800089517
"865",0.451059468788496,1.14656634593182,2.54194053172499
"866",0.709719983080714,1.17040612303998,1.64910972065285
"867",0.972574866438379,1.13377436975876,1.16574508439716
"868",0.749367893125644,1.33525123673629,1.78183673064362
"869",0.452737715806194,1.13292115088923,2.50237855459386
"870",1.03167243405187,1.28742967013082,1.2479054665389
"871",1.25991805097961,0.98100221316574,0.778623825893276
"872",0.868993606893976,1.08081370074173,1.2437533396878
"873",0.758838928118247,1.10645154961099,1.45808485649879
"874",0.935132184147377,0.892442943276857,0.954349511658138
"875",0.76073425307086,1.15167947351786,1.51390511058082
"876",0.237620041289144,0.926001575835544,3.89698432342563
"877",0.681572246828992,1.05602897240007,1.54940136913326
"878",0.325230603651992,1.06970238770613,3.2890582119103
"879",0.620364489649062,0.996310004175892,1.60600746947895
"880",0.644341481364066,0.929371009804251,1.44235787495286
"881",1.18310921150716,1.15167947351786,0.973434626589323
"882",0.61669328315928,0.919269689236756,1.49064326520211
"883",0.938890530186148,1.15679024617402,1.23208213202946
"884",1.30490684563488,1.02784727137,0.787678656762598
"885",1.50530672921715,0.894950642681503,0.594530420485753
"886",0.690935855207464,1.03809089966432,1.50244178506646
"887",0.859504791190134,1.03040761855682,1.19883871401117
"888",0.987453038129975,1.19163698182429,1.20677838419637
"889",0.86330109342959,1.04321475196274,1.20840198153627
"890",0.946398503611595,1.08850609992177,1.15015619294396
"891",1.60739100457169,1.33443329368285,0.830185866343342
"892",1.12824946224776,1.43140905596942,1.2686990810682
"893",0.704077270231589,1.02614060347567,1.45742611906523
"894",1.03715084390079,1.36210132536605,1.31331072367747
"895",1.37660926862173,1.09021545274874,0.791957077145261
"896",1.20482005579855,1.17720627446216,0.977080576303916
"897",0.865198866566669,1.22377913400319,1.41444837862474
"898",0.631406833927781,0.994607846760059,1.57522502658535
"899",1.0733569276151,1.07654006014923,1.00296558623906
"900",0.865198866566669,1.16700402210354,1.34882749758389
"901",0.702197736310475,0.946250842188867,1.34755609888563
"902",0.75504936286996,1.22715192507545,1.62526052655818
"903",0.889841561253322,1.31143405593646,1.47378377571996
"904",1.10542528937596,1.03126115295198,0.932908956275238
"905",0.316240067399708,1.16104729765953,3.67141111246993
"906",0.479860455574991,1.16615329327827,2.43019252728573
"907",0.933251960635633,1.02528733673867,1.09861792954644
"908",0.624040539776058,1.10645154961099,1.77304434421528
"909",1.19817669375827,1.37903600324887,1.15094544104619
"910",0.743690163560576,1.00567704942744,1.35227961684009
"911",0.702197736310475,0.944560525676079,1.34514891864938
"912",1.10011705089773,0.994607846760059,0.904092747174886
"913",0.86330109342959,1.26158516069945,1.4613501248882
"914",1.23429940469818,1.28576779081289,1.04169846142582
"915",1.23753221013618,0.969964419495178,0.783789231141255
"916",1.2583333276092,1.20349871233063,0.956422822096949
"917",1.25515722683603,1.11413964758437,0.88764947033199
"918",0.848110680687768,0.98780236458792,1.16470926151628
"919",0.908751007268582,0.984401596304109,1.083246773242
"920",0.642490379132624,1.04150666801722,1.62104632511895
"921",0.216019216720328,1.19248494053985,5.52027249540358
"922",0.921956645180903,1.08337787328141,1.17508548687648
"923",0.741798474706319,1.13462753997144,1.52956305338946
"924",0.998569086166328,1.26576554435105,1.2675793411656
"925",0.848110680687768,1.17720627446216,1.38803378057628
"926",0.903083227025252,1.07910424381395,1.1949111793035
"927",1.74807217388636,0.87327194482292,0.499562865806301
"928",1.16787895748895,1.04321475196274,0.893255885186726
"929",0.677832568617798,0.874935006443931,1.29078336886062
"930",1.20482005579855,0.98015258847393,0.813526122641019
"931",0.910639216286097,1.08850609992177,1.19532091354585
"932",0.717252809198063,0.918428871683154,1.28048138662576
"933",0.454417983870368,1.01164214169608,2.22623702759236
"934",0.497063703780736,1.11840977143385,2.25003307006138
"935",0.717252809198063,0.971661483270637,1.35469874890699
"936",0.537321320563078,0.981851927717926,1.82730870736528
"937",0.523213426691893,1.15849327960713,2.21418874307546
"938",1.03349987561967,1.03638323066189,1.00278989394217
"939",0.709719983080714,1.06799303487916,1.50480902375508
"940",0.821505529225808,1.09192476661995,1.3291751884482
"941",1.17297353689276,1.06970238770613,0.911957818366307
"942",0.76073425307086,1.0124945413613,1.33094380498073
"943",0.91441399091335,1.09619784513489,1.19879819865832
"944",0.821505529225808,1.04663129154625,1.27404047119756
"945",0.461159128084508,1.07654006014923,2.33442209985259
"946",0.326736936224227,1.06884770651085,3.2712790872757
"947",1.06074992277639,1.1457139462666,1.08009807181303
"948",0.625880360574909,0.96572354708805,1.54298426331987
"949",0.717252809198063,1.02955412429521,1.43541316407853
"950",1.10365754954937,1.10388839438947,1.0002091634676
"951",0.724795463465616,0.90332092156925,1.24631150041974
"952",1.03532600692063,0.925159575438195,0.893592519896117
"953",1.02251617121969,0.970812901496399,0.949435254738696
"954",0.666634587940587,1.02699391126335,1.54056499593879
"955",0.620364489649062,0.992906002376551,1.60052036978814
"956",1.05894302963681,1.18994072950027,1.12370608823819
"957",0.861403062220905,1.01761019708699,1.18134035240523
"958",1.01516891460291,1.13889262747139,1.12187500138032
"959",0.426131994990309,0.847599155098582,1.98905307525162
"960",0.751261313977019,1.04748549788372,1.3943024596043
"961",0.147183253316444,1.09705241952663,7.45364975163287
"962",0.704077270231589,1.05432009323843,1.49744941047684
"963",0.625880360574909,1.25153473475304,1.99963893035951
"964",0.562264045114013,1.02955412429521,1.8310865388635
"965",0.751261313977019,1.03126115295198,1.37270631904723
"966",1.21143015986797,0.909190082847993,0.750509697519073
"967",1.44032855658539,1.16700402210354,0.810234593189052
"968",1.14387453508694,1.07568533578845,0.94038751872966
"969",0.963245426978869,1.07654006014923,1.11761761851878
"970",1.19317252061592,1.01505211396743,0.85071697213028
"971",1.45582548723141,0.89997076963584,0.618185886652763
"972",0.365128293229577,1.02870067698084,2.81736774732502
"973",0.923840800728862,1.27327898713787,1.37824502461173
"974",1.4165005158244,1.06713837279747,0.753362502078865
"975",0.870890547824792,0.981851927717926,1.1274113953473
"976",0.798698285741786,0.963180266834463,1.20593756619863
"977",1.33335526661282,1.04577711060393,0.784319930921758
"978",0.322224684911002,1.01675744464306,3.15543002214087
"979",0.63325128739464,1.15423516208544,1.82271269725208
"980",0.94076863607578,1.04321475196274,1.10889618547903
"981",1.03532600692063,1.13462753997144,1.09591329918019
"982",1.10542528937596,1.20942122526677,1.09407776074086
"983",1.4583784653658,1.32459896537604,0.908268324603788
"984",0.67222955808336,0.899133651769958,1.33753959634494
"985",0.675964027400097,1.03382201322555,1.52940389032513
"986",1.0876735858211,1.1286543633327,1.03767745952998
"987",0.86330109342959,1.07739478688617,1.24799423409284
"988",1.24717858431303,0.962332720133896,0.77160779718164
"989",0.715368653650104,0.942025977237425,1.31683988728164
"990",0.422843707203126,1.20434514074529,2.84820400594668
"991",0.466235917486207,1.01505211396743,2.17712122961325
"992",1.1524903914821,1.41489188656388,1.22768215424714
"993",0.989308325399099,0.993756882777933,1.00449663392557
"994",1.09123696370201,1.18315170808837,1.08422986706255
"995",0.507475002599491,1.00908529139479,1.98844334445214
"996",0.495334919292026,0.917588205762926,1.85246016387139
"997",0.452737715806194,1.03126115295198,2.2778335379362
"998",0.642490379132624,1.11670181961068,1.73808333304267
"999",0.732347188315932,1.10816020188275,1.51316236282823
"1000",0.933251960635633,1.05859243952115,1.13430507962731
"1001",1.04625502054471,1.03979871619405,0.993829129395909
"1002",0.981881067351707,1.15679024617402,1.17813682801123
"1003",0.653612738266602,1.12694733467593,1.7241820250698
"1004",0.829108522328019,0.952170840141541,1.14842727399301
"1005",0.923840800728862,0.901645502898936,0.975974975545121
"1006",0.842411254746698,0.96572354708805,1.14638015772763
"1007",0.872787188507626,1.07141177205484,1.22757504482489
"1008",0.717252809198063,1.11584779527539,1.55572453807881
"1009",1.05894302963681,1.06115606810127,1.00208985601919
"1010",0.870890547824792,0.948787262361136,1.08944489606749
"1011",0.317732812680934,1.30565629090925,4.10929006636903
"1012",0.698440818303185,1.05004828574515,1.503417695856
"1013",0.611195738608914,1.1499753547389,1.88151729813472
"1014",0.67036365319254,1.08423259144947,1.61737974051237
"1015",1.11950579706412,0.951324775439199,0.849772085087926
"1016",0.872787188507626,1.32213504487032,1.51484240634997
"1017",0.717252809198063,0.931056562552449,1.29808702121841
"1018",0.414660056359615,1.07483061434649,2.59207656455422
"1019",0.702197736310475,1.03552945380206,1.47469779558532
"1020",0.730458447110384,1.11157719608166,1.52175281219478
"1021",1.09834433534854,1.05859243952115,0.963807437660451
"1022",0.649901128979867,1.13377436975876,1.74453362088849
"1023",0.800598490076876,1.11499373566516,1.39270027296466
"1024",0.532018109747395,1.35967216788371,2.55568775380464
"1025",0.67222955808336,1.09876152100905,1.63450343382966
"1026",0.702197736310475,1.3237779006406,1.88519249235417
"1027",1.05170116904377,1.01164214169608,0.961910256899199
"1028",0.747474887840017,0.958943634412731,1.28291083755843
"1029",0.0338778744982323,0.927686008023292,27.3832411791861
"1030",0.717252809198063,0.981851927717926,1.36890635369655
"1031",0.655470056666314,0.992055194349632,1.51350192775422
"1032",1.08410380067862,1.07739478688617,0.993811465481209
"1033",1.2359168870598,1.24650061522205,1.00856346269969
"1034",0.781603166157421,1.20349871233063,1.53978228907051
"1035",0.580266424742154,0.942025977237425,1.62343698871776
"1036",0.75504936286996,0.969964419495178,1.28463709420046
"1037",0.449383248397332,1.16955571919263,2.60257969865076
"1038",0.76073425307086,1.04236069235252,1.37020344245683
"1039",0.598412914706628,1.00738104420552,1.68342129564397
"1040",1.37801606731753,0.974207806954964,0.706964040594517
"1041",0.4410327606207,1.13462753997144,2.57266044902104
"1042",1.04625502054471,1.00993751289986,0.965288092356351
"1043",0.745582309734024,1.03382201322555,1.38659675763277
"1044",0.734236456871414,0.920110657584374,1.25315305304366
"1045",1.40022059984647,1.02528733673867,0.732232718795234
"1046",1.21307745938866,1.30400353208548,1.07495487777232
"1047",1.38082296762436,1.04236069235252,0.754883657639215
"1048",0.751261313977019,0.824593404939489,1.09761196217368
"1049",0.662909240968522,1.12097143940892,1.69098780063943
"1050",0.419563887920789,1.04236069235252,2.48439086957194
"1051",0.950147929914593,1.02443411786914,1.07818381287346
"1052",1.50530672921715,1.1098687527436,0.73730405318842
"1053",0.970710799601274,1.17635655990998,1.21185069785272
"1054",0.474736644943349,1.00141824145389,2.10941845783442
"1055",0.334302608744083,1.29572696564814,3.87591042294276
"1056",0.662909240968522,0.88076179742873,1.32863104478966
"1057",1.16276680623582,1.09705241952663,0.943484466225924
"1058",0.627721346067021,1.1499753547389,1.8319838284042
"1059",0.614859516806918,1.21111229487697,1.96973822763044
"1060",1.23429940469818,1.14315637366047,0.926158085557861
"1061",1.0261824471384,1.02016877521604,0.994139763412314
"1062",1.39196089399871,1.02870067698084,0.739029868882076
"1063",0.625880360574909,1.09619784513489,1.7514495008726
"1064",0.878475201308106,1.24230115544824,1.41415620338329
"1065",0.544415541436713,0.944560525676079,1.73499919415119
"1066",0.406529687681225,1.08337787328141,2.66494159248445
"1067",0.927607228947074,1.03809089966432,1.11910609067014
"1068",1.1107183414634,1.25488756605865,1.12979818484433
"1069",1.15420790978975,1.00312156193617,0.869099538677476
"1070",0.668498654777692,0.996310004175892,1.49036949746326
"1071",0.929489471298252,1.04577711060393,1.12510915174032
"1072",0.6057095787593,0.88076179742873,1.45409917279636
"1073",0.989308325399099,1.23893879839115,1.25232828490688
"1074",0.569447062438962,0.908351152115984,1.59514590913066
"1075",0.457784535990173,1.26743646533099,2.7686310167502
"1076",0.910639216286097,1.1303612162579,1.24128326129848
"1077",0.564057521113766,1.08508730485536,1.92371746539747
"1078",1.26938006222035,1.11840977143385,0.881067699675045
"1079",1.57578576968116,1.13974548309618,0.723287076851059
"1080",1.22128231037948,1.16189848345201,0.951375839621373
"1081",0.53909240348124,0.996310004175892,1.84812473286978
"1082",0.687187983857565,1.0124945413613,1.47338801775551
"1083",0.71348512409509,1.33770363539924,1.87488651160856
"1084",1.32445990942469,1.013347006839,0.765102061321868
"1085",1.25356587801438,0.969964419495178,0.773764216549652
"1086",0.709719983080714,0.942870699700616,1.32851085241795
"1087",1.12650427593545,1.02528733673867,0.91014952951446
"1088",0.844311209823042,1.13548066073705,1.34486034003389
"1089",0.870890547824792,1.1286543633327,1.29597727998279
"1090",1.01700753298874,1.20011185119556,1.18004224380592
"1091",1.28497220873845,0.943715549459483,0.734424871636716
"1092",0.675964027400097,1.21533778792729,1.79793263940648
"1093",0.800598490076876,0.925159575438195,1.15558496163209
"1094",1.39472303770082,0.978453617966368,0.70153972618057
"1095",1.055324928902,0.981851927717926,0.930378787450305
"1096",0.734236456871414,0.891607393581526,1.21433277418649
"1097",1.05894302963681,1.17975486966154,1.11408719510261
"1098",0.99116259351344,0.943715549459483,0.95212990848881
"1099",0.796798199632268,1.20349871233063,1.51041846340273
"1100",0.91441399091335,1.12609375490118,1.23149226290424
"1101",0.592954433834252,0.92263445899683,1.55599554763551
"1102",0.466235917486207,0.951324775439199,2.0404364823895
"1103",0.46793214490581,1.13462753997144,2.4247693865952
"1104",1.31548292016808,1.04150666801722,0.791729525370158
"1105",0.341924736564507,1.19926485321517,3.50739424489962
"1106",0.747474887840017,0.940336917550639,1.2580180723769
"1107",0.285415654592737,1.05261130178503,3.68799428078679
"1108",0.959507470883294,0.973358942824761,1.0144360230241
"1109",0.679701983495672,0.992906002376551,1.46079609370873
"1110",0.707838401938536,1.00482515096361,1.41956857414309
"1111",1.11247929163296,1.03723704821898,0.932365263803223
"1112",0.717252809198063,1.02955412429521,1.43541316407853
"1113",0.286860849135238,1.04663129154625,3.64856791960768
"1114",1.33039920189289,1.25907483585795,0.946388748630137
"1115",0.76642226587134,1.03894479025318,1.35557751453374
"1116",1.21964556645818,1.14400895632036,0.937984761952223
"1117",0.948273599171502,0.948787262361136,1.00054168247443
"1118",0.456100242871807,1.22377913400319,2.6831363348937
"1119",0.664771437136534,1.39025616250006,2.09132956808209
"1120",1.35523668938039,1.08166842747867,0.798139864390192
"1121",0.683443333376424,0.979303054466022,1.43289575981078
"1122",0.889841561253322,0.92263445899683,1.03685251304437
"1123",0.649901128979867,0.96741958042021,1.48856424043876
"1124",0.77021584748499,1.19841775579328,1.55595052959052
"1125",0.354237245640517,0.994607846760059,2.80774497600231
"1126",0.583884525476962,1.013347006839,1.73552639712659
"1127",0.791098773691197,1.06884770651085,1.35109260949009
"1128",0.981881067351707,0.938648377105736,0.955969524534599
"1129",0.61669328315928,1.11072298974419,1.80109467716922
"1130",0.779704663188832,0.988652768435273,1.26798365472368
"1131",0.75694396087052,0.949632979735405,1.25456180222811
"1132",0.666634587940587,1.0483397348843,1.57258527212472
"1133",0.609365748267028,0.990353816717364,1.62522068155919
"1134",1.03532600692063,0.984401596304109,0.950813163896085
"1135",0.868993606893976,1.03979871619405,1.19655508158522
"1136",0.624040539776058,1.08679671557307,1.74154825896899
"1137",0.553319968061914,0.941181382908013,1.70097129551395
"1138",1.34363005290982,1.1873955861315,0.883722110531864
"1139",0.255588561474303,1.02443411786914,4.00813757845785
"1140",0.578459531602579,1.12097143940892,1.93785628582064
"1141",0.614859516806918,1.23389076766986,2.00678485725924
"1142",0.882265493508446,1.08508730485536,1.22988750306936
"1143",0.461159128084508,0.953863346882613,2.06840391698333
"1144",0.61669328315928,1.06970238770613,1.73457765297218
"1145",0.806299717573661,1.12011758796358,1.38920746659104
"1146",0.957637207549974,0.999715208020774,1.04393939598322
"1147",0.921956645180903,0.958943634412731,1.04011792683003
"1148",0.478150587215358,1.03638323066189,2.16748291934044
"1149",0.262600185757236,1.05859243952115,4.03119455711192
"1150",0.978161470494305,1.08166842747867,1.10581786351906
"1151",0.705957493743332,1.06542908025384,1.50919721045018
"1152",0.711602225431892,1.19078890720769,1.67339120740519
"1153",1.29575350246934,1.04492296185824,0.806421097737276
"1154",0.225400197421063,1.12267903382584,4.98082542371781
"1155",0.715368653650104,0.908351152115984,1.26976650078418
"1156",0.6057095787593,1.16530248525135,1.92386339281325
"1157",1.34508879428555,1.13718674473641,0.845436189467655
"1158",0.532018109747395,0.984401596304109,1.85031595404057
"1159",0.469630340124366,1.02614060347567,2.18499640207216
"1160",0.194977788626514,1.3130828572126,6.73452533471828
"1161",0.753155138793334,0.948787262361136,1.25975010126232
"1162",0.974438017242432,1.25656298472897,1.28952582154473
"1163",0.880370526260718,0.992055194349632,1.12686098041387
"1164",0.989308325399099,1.04577711060393,1.05707905589701
"1165",0.821505529225808,1.12609375490118,1.370768320893
"1166",0.5604721083096,1.04748549788372,1.86893421162913
"1167",0.855707561175139,1.01675744464306,1.1882066850581
"1168",0.918186503052552,1.02272782689086,1.11385630641569
"1169",0.93137105244043,1.0628652316521,1.1411834508568
"1170",0.798698285741786,1.21111229487697,1.51635769914312
"1171",0.213358673650831,0.921793043303911,4.32039170253026
"1172",0.985596716112364,1.13548066073705,1.15207431414331
"1173",0.972574866438379,1.05261130178503,1.08229334122087
"1174",0.355786388062734,0.918428871683154,2.58140531087775
"1175",0.77021584748499,0.972510163989439,1.26264626619279
"1176",0.316240067399708,1.00397332554246,3.17471892096931
"1177",1.11775177139299,1.09790697840153,0.982245795981399
"1178",0.600235104889966,1.02102174289149,1.70103636820552
"1179",0.549753364415691,1.09705241952663,1.99553561749029
"1180",0.94076863607578,0.884929500490034,0.94064519857011
"1181",1.00964594238803,0.986952044030969,0.977522914316489
"1182",0.893627144644942,1.28909072956111,1.44253756981978
"1183",0.564057521113766,0.950478817706891,1.6850742736842
"1184",0.783501893203827,0.963180266834463,1.22932729989447
"1185",1.08231653818734,1.07568533578845,0.99387313954382
"1186",1.08052773418521,1.27578017079576,1.18070099492428
"1187",1.23267976669774,1.03809089966432,0.842141590792306
"1188",0.387237120326892,1.04406884004353,2.69620030012146
"1189",0.396844289578051,1.08423259144947,2.73213605417454
"1190",0.444366826028317,1.17380689132379,2.64152682551734
"1191",1.00041802141408,1.1286543633327,1.12818275878053
"1192",1.0876735858211,1.05432009323843,0.969335016481546
"1193",0.844311209823042,1.33525123673629,1.58146809044043
"1194",1.27720403162593,1.20519145274235,0.943617012552088
"1195",1.40975587409861,1.23557402863107,0.876445384149291
"1196",0.80439921786663,1.15338333666429,1.4338444282967
"1197",0.868993606893976,1.2187159056242,1.40244519172037
"1198",0.904972997507552,0.995458887497468,1.09998739215328
"1199",0.972574866438379,0.913387191899865,0.939143322965704
"1200",1.03715084390079,1.03126115295198,0.994321278352662
"1201",1.35379379978623,1.18994072950027,0.878967483591794
"1202",0.857606288221545,0.969116038095834,1.1300244079431
"1203",1.49202620106252,1.1873955861315,0.79582757010964
"1204",1.33335526661282,0.887432337914323,0.665563304946254
"1205",0.704077270231589,1.06884770651085,1.51808296006953
"1206",1.04079653967234,1.19418056684639,1.14737176895528
"1207",0.880370526260718,1.25991178282136,1.43111536022532
"1208",1.55271952893109,1.13974548309618,0.734031782211688
"1209",0.987453038129975,1.09192476661995,1.1057991868533
"1210",1.45198003793623,1.07055707621555,0.737308398355931
"1211",1.31998163066536,1.18484954480314,0.897625783023889
"1212",1.19984064101216,1.17040612303998,0.975467977191248
"1213",0.624040539776058,1.02016877521604,1.63477965002423
"1214",0.970710799601274,1.12097143940892,1.15479444533775
"1215",0.739907247945536,0.994607846760059,1.34423314479178
"1216",0.781603166157421,1.02102174289149,1.30631730665974
"1217",0.861403062220905,1.22715192507545,1.42459665967702
"1218",1.03167243405187,1.02528733673867,0.993810925733358
"1219",1.01700753298874,1.06799303487916,1.05013286552617
"1220",0.955766121002541,1.26492981707802,1.32347212281514
"1221",0.800598490076876,1.26158516069945,1.5758025731204
"1222",0.78729996061363,1.06713837279747,1.35544065309712
"1223",0.419563887920789,1.15082744342239,2.74291347886369
"1224",0.789199278475602,0.998012456087917,1.26458865752596
"1225",1.3905764956442,1.49220005924877,1.07308016777422
"1226",0.558681720193755,1.19502822079344,2.1390143575469
"1227",0.812001626703483,1.23977961594475,1.52681912840241
"1228",0.929489471298252,1.10047055592377,1.18395160989474
"1229",0.659187704424642,0.932742683366172,1.41498798764806
"1230",0.555105653700343,1.00738104420552,1.81475551093796
"1231",0.800598490076876,0.994607846760059,1.24233040542526
"1232",0.719137579001885,1.02272782689086,1.42215878679339
"1233",1.17636003908441,1.16274960013043,0.98843003969723
"1234",0.758838928118247,1.04492296185824,1.37700231648556
"1235",0.657328387027259,0.970812901496399,1.47690700821071
"1236",0.781603166157421,1.13548066073705,1.45275852235782
"1237",1.14041513876384,0.990353816717364,0.868415178871498
"1238",0.963245426978869,1.04577711060393,1.08568084655633
"1239",0.685315258675102,0.964875681143212,1.40792966292415
"1240",0.886054315585632,1.05432009323843,1.18990458563659
"1241",0.880370526260718,1.14059829054092,1.29558891003029
"1242",1.09479391294225,1.10047055592377,1.0051851247202
"1243",0.884160091509005,1.14827097472804,1.29871387066145
"1244",0.444366826028317,1.06884770651085,2.40532740948294
"1245",1.13868265665441,1.04748549788372,0.919909943092804
"1246",0.648046860865526,0.956402978038936,1.47582379576929
"1247",0.775908360949376,1.00312156193617,1.29283509808914
"1248",1.10011705089773,0.993756882777933,0.903319225865102
"1249",0.929489471298252,1.22209192101422,1.31479910074429
"1250",1.25037659788978,1.18909244953207,0.950987447732836
"1251",1.19817669375827,0.943715549459483,0.787626361266779
"1252",1.00964594238803,1.23557402863107,1.22376961740535
"1253",1.30034030001512,1.31390693346498,1.01043314080914
"1254",0.357337769735919,0.90332092156925,2.52791895532573
"1255",0.920071875377081,1.04663129154625,1.13755383634273
"1256",0.446036933763045,0.972510163989439,2.18033550671407
"1257",0.882265493508446,1.10901449187988,1.25700766950517
"1258",0.781603166157421,0.999715208020774,1.27905726500016
"1259",0.582074759378745,1.27744669019917,2.1946436769782
"1260",1.0661618273795,0.941181382908013,0.882775352425936
"1261",0.734236456871414,1.24985733551192,1.70225453096891
"1262",0.638791432964888,0.957249750696387,1.49853254332702
"1263",0.651756416248991,1.013347006839,1.5547940635108
"1264",0.354237245640517,1.12524013655944,3.17651559910032
"1265",0.679701983495672,1.06371983483004,1.56497974209136
"1266",1.04443687899755,1.02699391126335,0.983299165239221
"1267",1.37801606731753,0.995458887497468,0.722385544774706
"1268",0.67036365319254,1.22883747782365,1.83309084848416
"1269",1.0261824471384,1.22124811309374,1.19008867916158
"1270",1.22617975719884,1.21787157007726,0.993224331854448
"1271",1.10188813381589,0.964875681143212,0.875656658359505
"1272",1.01332909380406,1.08252315183945,1.06828389558583
"1273",0.834810236512336,0.977604267798111,1.17104968894768
"1274",0.802498805035552,0.944560525676079,1.17702421455224
"1275",0.842411254746698,1.01846300453172,1.20898551484567
"1276",0.478150587215358,0.946250842188867,1.9789808221289
"1277",0.587508285335197,1.13121457636455,1.92544446538171
"1278",0.76642226587134,1.05346568560319,1.37452385259908
"1279",0.332784971617004,1.18994072950027,3.57570452691522
"1280",0.57304762699947,1.06201064249302,1.85326767349828
"1281",0.649901128979867,1.16955571919263,1.79959022540621
"1282",0.657328387027259,1.15082744342239,1.7507648629431
"1283",0.882265493508446,1.13292115088923,1.28410456855115
"1284",0.815803133867572,1.02443411786914,1.25573692394694
"1285",0.657328387027259,1.08252315183945,1.64685288693391
"1286",0.751261313977019,1.0124945413613,1.3477261806566
"1287",1.40022059984647,0.947096192750934,0.676390700761566
"1288",0.555105653700343,1.12609375490118,2.02861157582276
"1289",1.038974349489,1.20349871233063,1.15835267051833
"1290",0.850010175903364,1.03979871619405,1.22327796263026
"1291",0.832909736805305,0.932742683366172,1.11986046284413
"1292",0.834810236512336,1.28576779081289,1.54019169216775
"1293",1.20812929644538,1.09619784513489,0.907351430314763
"1294",0.629563511990932,1.16530248525135,1.850968906324
"1295",1.04625502054471,0.920110657584374,0.879432489705363
"1296",0.878475201308106,1.1814534768407,1.34489109661997
"1297",0.730458447110384,1.06799303487916,1.46208595314905
"1298",0.762629927646081,1.06542908025384,1.39704598735375
"1299",0.517951383392861,1.34830456019882,2.6031488734844
"1300",0.966979896295605,0.943715549459483,0.975941230086328
"1301",0.775908360949376,0.982701725303921,1.26651776777031
"1302",1.038974349489,1.18994072950027,1.14530327922487
"1303",0.700318924192818,0.969116038095834,1.38382100585505
"1304",0.870890547824792,1.01675744464306,1.16749165228925
"1305",1.08588948631705,1.05261130178503,0.969353985878536
"1306",1.055324928902,1.09876152100905,1.04115944854277
"1307",1.0751519332652,0.982701725303921,0.914011959518586
"1308",0.792998433347272,0.919269689236756,1.15923266753062
"1309",0.63325128739464,1.07483061434649,1.69732085151951
"1310",1.52069133046653,1.06030150922637,0.697249657431195
"1311",0.422843707203126,1.04492296185824,2.47118011704567
"1312",0.629563511990932,0.973358942824761,1.54608538183322
"1313",0.857606288221545,1.15508692569173,1.34687319992381
"1314",0.266834113866848,1.05688344241223,3.96082579958132
"1315",0.564057521113766,0.985251662071838,1.74672196574278
"1316",0.815803133867572,1.03211473272673,1.26515171354351
"1317",0.565852526763869,1.03723704821898,1.83305189808196
"1318",0.502261117537933,1.23220691179236,2.45331933682742
"1319",0.819604727189483,1.54559469780416,1.88578060439473
"1320",0.26119338706144,1.04150666801722,3.9874924849159
"1321",0.406529687681225,1.02870067698084,2.53044416718586
"1322",0.76073425307086,1.16870523287374,1.53628580303309
"1323",0.751261313977019,1.05432009323843,1.40339995368201
"1324",1.10719134463157,1.13121457636455,1.02169745261238
"1325",1.34799952197864,1.1499753547389,0.853097746689797
"1326",0.683443333376424,1.00482515096361,1.47023915794081
"1327",1.2359168870598,0.893278670549882,0.722765972293624
"1328",0.855707561175139,1.00738104420552,1.17724920277914
"1329",0.332784971617004,1.21702710471989,3.65709755102926
"1330",0.618528268834431,0.91086844975706,1.47263835082836
"1331",0.768318906554173,0.990353816717364,1.28898795574222
"1332",1.15420790978975,0.975905847759047,0.84551997909702
"1333",1.37801606731753,1.06970238770613,0.776262638060843
"1334",0.806299717573661,1.05602897240007,1.30972261230341
"1335",0.785400826143753,0.899133651769958,1.14480864017501
"1336",0.613027007240566,0.993756882777933,1.62106541969685
"1337",0.587508285335197,1.22968004949348,2.09304290711729
"1338",1.30186475330235,1.02358094765646,0.786242153848941
"1339",1.49080678325215,1.17210667403809,0.786223062039721
"1340",0.857606288221545,0.857513028432271,0.999891255707246
"1341",0.341924736564507,0.971661483270637,2.84174082587126
"1342",0.827207827675483,1.09961604810676,1.32931049648885
"1343",1.38780095728102,0.966571505803612,0.696477042138175
"1344",1.15592352581157,1.28077744014924,1.10801226166758
"1345",0.861403062220905,1.34096998722791,1.55672767608995
"1346",0.642490379132624,1.14230373963147,1.77793127606612
"1347",0.587508285335197,1.00993751289986,1.71901833235195
"1348",1.09301624967991,0.944560525676079,0.86417793509721
"1349",0.955766121002541,0.996310004175892,1.04242029747908
"1350",1.12300858503344,0.898296704806545,0.799901903492389
"1351",1.22617975719884,1.10730588955064,0.903053474051993
"1352",0.29120993240033,1.18484954480314,4.06871268104384
"1353",0.471330496890017,1.22124811309374,2.59106533770233
"1354",0.696563444019576,1.08252315183945,1.55409124772995
"1355",1.15420790978975,1.02443411786914,0.887564631276653
"1356",0.850010175903364,1.09021545274874,1.28259106026595
"1357",0.83861096430209,1.31143405593646,1.56381696848892
"1358",0.998569086166328,1.09876152100905,1.10033600702318
"1359",0.808200292326466,1.00312156193617,1.24117940993143
"1360",0.592954433834252,1.10901449187988,1.87031992443095
"1361",0.906862266063034,0.893278670549882,0.985021324602993
"1362",0.921956645180903,1.10816020188275,1.20196563219663
"1363",1.34654531206757,1.24482129572804,0.924455556431783
"1364",1.30490684563488,1.44545119904802,1.10770451077276
"1365",0.585695686624524,0.942870699700616,1.60983036281957
"1366",0.861403062220905,0.953017034885557,1.10635436148607
"1367",0.9948679730149,1.03382201322555,1.03915498464847
"1368",1.00595816698433,0.950478817706891,0.944849248111628
"1369",1.1847914705086,1.42905823120802,1.20616856787006
"1370",0.9948679730149,1.27327898713787,1.2798471974922
"1371",0.495334919292026,1.01846300453172,2.0561098458138
"1372",0.937011718068491,1.04577711060393,1.11607687549484
"1373",0.84051116863718,1.3548066715091,1.61188419864285
"1374",1.22780797995277,1.04321475196274,0.849656272801609
"1375",1.0188449647299,1.02955412429521,1.01051107865871
"1376",1.00595816698433,0.971661483270637,0.965906451342302
"1377",0.344989374246306,0.979303054466022,2.83864700646358
"1378",0.368260119853198,1.13292115088923,3.07641552753758
"1379",1.37942066042703,0.990353816717364,0.717949096406007
"1380",0.859504791190134,0.994607846760059,1.15718708837312
"1381",0.872787188507626,0.929371009804251,1.0648311776819
"1382",0.449383248397332,1.16870523287374,2.60068713518312
"1383",0.966979896295605,1.0124945413613,1.04706886383063
"1384",1.31698476946796,1.08765141141235,0.825864836577985
"1385",1.27876216548982,1.08850609992177,0.851218568469943
"1386",0.91252688140615,0.845949907664078,0.927041082187649
"1387",0.75694396087052,1.11413964758437,1.47189185088822
"1388",0.753155138793334,0.966571505803612,1.28336308951195
"1389",1.33335526661282,1.34178596687333,1.00632292118359
"1390",1.10365754954937,1.09876152100905,0.995563815476715
"1391",0.86330109342959,0.88159496294113,1.02119060157663
"1392",0.600235104889966,0.976755010787199,1.62728737927825
"1393",0.880370526260718,1.26242158994414,1.43396621341487
"1394",0.276792153404635,1.01419953130755,3.66411951651287
"1395",0.526730162746008,1.24230115544824,2.35851531450513
"1396",0.540865119030425,1.02272782689086,1.89091104400342
"1397",0.133902725161821,1.06884770651085,7.98227000398351
"1398",0.758838928118247,1.14400895632036,1.50757810904251
"1399",0.558681720193755,1.25153473475304,2.2401569435975
"1400",0.819604727189483,1.16104729765953,1.41659419369248
"1401",1.17805032629446,1.12694733467593,0.956620705857893
"1402",0.944522627685195,1.09961604810676,1.1642029697072
"1403",0.855707561175139,0.996310004175892,1.16431132477977
"1404",1.09834433534854,1.03382201322555,0.941254923391109
"1405",1.18310921150716,1.17975486966154,0.997164807937426
"1406",0.844311209823042,1.00823313288901,1.19414869915125
"1407",0.722908914439102,1.00226986697044,1.38644004376139
"1408",0.920071875377081,1.22968004949348,1.3365043345005
"1409",0.452737715806194,1.15593862065746,2.55321918254384
"1410",0.935132184147377,1.1499753547389,1.2297463120547
"1411",1.04443687899755,1.06542908025384,1.02009906168426
"1412",0.711602225431892,1.08936078111705,1.5308563438737
"1413",0.374550435173651,1.07226647448611,2.86280931428895
"1414",0.76642226587134,1.02955412429521,1.34332491387723
"1415",0.812001626703483,0.87327194482292,1.0754559056343
"1416",0.834810236512336,1.16955571919263,1.40098392190157
"1417",1.35090118915324,0.960637951801293,0.711108968971615
"1418",0.675964027400097,1.04919399574803,1.55214471956955
"1419",1.07873734606937,1.013347006839,0.939382520250524
"1420",0.76073425307086,0.889936830255712,1.16983930546482
"1421",0.627721346067021,1.10730588955064,1.76400865844128
"1422",0.542639509896896,0.998012456087917,1.83918133104157
"1423",0.747474887840017,1.14145104298484,1.52707610858112
"1424",0.961376885761168,1.08081370074173,1.12423516390869
"1425",0.542639509896896,1.15849327960713,2.13492246413692
"1426",0.738016494938085,1.05346568560319,1.42742837433677
"1427",0.569447062438962,1.10559718584287,1.94152759539677
"1428",0.297040409079637,1.26158516069945,4.24718362262023
"1429",0.344989374246306,1.18230263986886,3.42706972483375
"1430",1.31998163066536,1.18060421982979,0.894409582983885
"1431",1.31548292016808,1.02699391126335,0.780697259932596
"1432",1.28497220873845,1.03979871619405,0.809199381218446
"1433",0.806299717573661,1.2229355949304,1.51672581333712
"1434",1.01332909380406,1.09534325597581,1.08093536707198
"1435",0.265420568425611,1.30978438725048,4.93475089372197
"1436",0.872787188507626,0.83196807662687,0.953231311804024
"1437",1.2359168870598,1.09448865279786,0.885568167453082
"1438",0.75504936286996,0.98015258847393,1.29813047553387
"1439",0.551535868557869,0.978453617966368,1.77405255713429
"1440",1.07694540926495,1.18994072950027,1.10492205014593
"1441",0.800598490076876,1.16189848345201,1.45128737794702
"1442",0.230809146362822,0.969964419495178,4.2024522631804
"1443",1.02251617121969,1.06884770651085,1.04531129833956
"1444",0.715368653650104,1.23977961594475,1.73306393789955
